,Sample,Condition,F3_Mean,F4_Mean,F7_Mean,F8_Mean,Fz_Mean,F3_Median,F4_Median,F7_Median,F8_Median,Fz_Median,F3_Q75,F4_Q75,F7_Q75,F8_Q75,Fz_Q75,Frontal_Mean,Frontal_Median,Frontal_Q75
0,1,1-back,1.0035849517746527e-10,9.777610934012543e-11,1.2601966319909019e-10,8.803389995260273e-11,1.0659016207095166e-10,6.595038765153304e-11,6.800702009566205e-11,8.378238911478962e-11,5.135651307540753e-11,7.528757976345825e-11,1.3457335452334923e-10,1.3128374964740883e-10,1.542133510103271e-10,9.017804429835487e-11,1.3243616584020502e-10,1.0375566594804705e-10,6.887677794017008e-11,1.28536933063929e-10
1,1,2-back,1.3044998241915522e-10,1.0709088673098098e-10,1.5518465408505295e-10,1.0062464936281256e-10,1.291966337776136e-10,1.0958543935744583e-10,9.16231142955267e-11,1.206135850332579e-10,8.311396137062224e-11,1.0073265050842076e-10,1.6616212232585084e-10,1.2572033772591263e-10,1.7235869897863035e-10,1.204401940585237e-10,1.5874200643100307e-10,1.2450936127512307e-10,1.011337501130547e-10,1.486846719039841e-10
2,1,3-back,1.1172482767516298e-10,9.575022191386796e-11,1.2514447930243946e-10,1.0169449862346216e-10,1.0734867895648791e-10,9.739539526399272e-11,7.653050925683023e-11,1.0157249329253929e-10,6.890452542836185e-11,9.207545067045287e-11,1.4981199661703296e-10,1.246752261925148e-10,1.6955533745985604e-10,1.3573933041005484e-10,1.3063268009620523e-10,1.0833254129428408e-10,8.72956747824354e-11,1.420829141551328e-10
3,1,4-back,1.7738539256418766e-10,1.5576258480883735e-10,2.157281854694033e-10,1.6765615313504562e-10,1.668757805460248e-10,1.2192452637915968e-10,1.061667280013958e-10,1.3355436013081107e-10,1.0518251312362795e-10,1.191608903476103e-10,2.2953871775206842e-10,1.800714090914728e-10,2.8032412144880423e-10,2.3961915573105696e-10,2.241397386341485e-10,1.7668161930469972e-10,1.1719780359652096e-10,2.3073862853151018e-10
4,2,1-back,1.061498711363035e-10,9.4168953363253e-11,1.3412446233127477e-10,9.573884152046157e-11,9.945020915293192e-11,6.614231180073765e-11,6.503038685660925e-11,5.897259562679346e-11,5.64739192408274e-11,7.070653548321121e-11,1.0847826887454596e-10,1.0214443558378695e-10,1.2336900434090623e-10,1.0612874804618878e-10,1.0887262621306446e-10,1.0592646750084496e-10,6.34651498016358e-11,1.0979861661169849e-10
5,2,2-back,1.3392579211344402e-10,1.148880142705584e-10,1.589231155018984e-10,1.1143065888880176e-10,1.2838319863029325e-10,1.2632217266540758e-10,8.996377582261723e-11,1.0502756411675963e-10,8.101634524401192e-11,1.1245642163095904e-10,1.6832461822893837e-10,1.4999055505374405e-10,1.8808846907089673e-10,1.4514725836363133e-10,1.6825569516923464e-10,1.2951015588099917e-10,1.0295725589595109e-10,1.6396131917728901e-10
6,2,3-back,1.5588837617131237e-10,1.1599176332686087e-10,1.6661211691362997e-10,1.2081664967054287e-10,1.3206475632989652e-10,1.2394931440568404e-10,9.115093693896168e-11,9.713345212947551e-11,8.98172605985788e-11,1.1413902280940893e-10,1.8202029177108583e-10,1.5251227012503528e-10,2.292186373860001e-10,1.5963468454876106e-10,1.7941013524193227e-10,1.3827473248244854e-10,1.032379973764218e-10,1.805592038145629e-10
7,2,4-back,4.349499921159689e-10,3.203008882730365e-10,5.391125927076601e-10,3.9276311438873733e-10,3.6958124172635284e-10,3.0234107811627536e-10,1.9792407099657455e-10,4.2493386085134807e-10,2.690012219594099e-10,2.499978078962103e-10,5.297859217859166e-10,3.32534505468156e-10,7.031894817429877e-10,4.832645524433102e-10,3.905910641213445e-10,4.1134156584235115e-10,2.888396079639636e-10,4.878731051123429e-10
8,3,1-back,1.373415960000392e-10,1.3795527485594738e-10,2.331014210205884e-10,1.86603016959458e-10,1.3923919316622863e-10,1.0630513662537752e-10,1.1518206561952507e-10,1.3914026053810631e-10,8.273313289611793e-11,1.071029986409869e-10,1.9916803939135513e-10,1.6907666399687402e-10,2.6574424592888644e-10,2.190063869576942e-10,1.9133391446391287e-10,1.6684810040045229e-10,1.1009271886402276e-10,2.088658501477445e-10
9,3,2-back,2.110803884630861e-10,2.2541922367225096e-10,3.331067291404713e-10,2.8454718938688614e-10,2.0143074037149734e-10,1.5336524345405912e-10,1.881106945375389e-10,2.0557472481429816e-10,1.606882850759843e-10,1.3226418273185364e-10,2.372276897304227e-10,2.7871112262285457e-10,4.942181175845636e-10,3.4304608724383686e-10,2.656070030657318e-10,2.511168542068384e-10,1.6800062612274683e-10,3.237620040494819e-10
10,3,3-back,2.772166988193492e-10,1.243430554155579e-09,8.800548037272033e-10,7.43737326564385e-10,2.71411613914743e-10,1.0785586171086436e-10,1.4001766050457608e-10,1.3611930574705162e-10,1.5403322678665047e-10,1.05812849803045e-10,4.680771741051666e-10,3.7595365506107227e-10,5.351632642454799e-10,7.053955630726291e-10,4.200937340016888e-10,6.83170199436252e-10,1.2876778091043753e-10,5.009366780972073e-10
11,3,4-back,5.889407724532378e-10,5.830206192333872e-10,8.785320331605246e-10,8.439161215964892e-10,5.492703845155809e-10,5.988690222845619e-10,4.960998944770587e-10,8.214309387257066e-10,9.3799210445843e-10,5.409792744604243e-10,8.592270235945149e-10,6.976726224850892e-10,1.1979428224549503e-09,1.2740129801393558e-09,7.301376262472632e-10,6.887359861918439e-10,6.790742468812363e-10,9.517986149842347e-10
12,4,1-back,2.252980347280831e-10,1.7668456974025088e-10,2.773022386697784e-10,2.4625057710440515e-10,2.1233178858607013e-10,1.6577601481618447e-10,1.6539834707597398e-10,1.526782762042035e-10,1.2427594057305128e-10,2.1458106880609756e-10,3.015285199580235e-10,2.3647273860719247e-10,4.523848823182939e-10,3.641801113642966e-10,2.696039315039031e-10,2.2757344176571754e-10,1.6454192949510219e-10,3.2483403675034193e-10
13,4,2-back,3.0565437358992617e-10,2.4582071375099084e-10,3.8831808186060805e-10,4.1552630734448726e-10,3.053186147271396e-10,2.6955503505714423e-10,2.38964373962693e-10,3.7250463128772826e-10,3.8598408858597984e-10,2.5806657679863317e-10,3.7224810365947045e-10,3.2288322289002084e-10,5.180273619535628e-10,5.702335597218363e-10,3.6329462123853753e-10,3.3212761825463036e-10,3.050149411384357e-10,4.2933737389268555e-10
14,4,3-back,3.148942611499297e-10,2.512962956037226e-10,3.924034124164752e-10,3.979438166959369e-10,2.8571611987659893e-10,2.9056425442364015e-10,2.4278862257146216e-10,3.6085245526612016e-10,3.4611606152337616e-10,2.570700043554419e-10,3.9413105188475686e-10,3.0644014475104485e-10,5.097737608720611e-10,5.565203107081142e-10,3.4350852560788007e-10,3.284507811485327e-10,2.994782796280081e-10,4.2207475876477143e-10
15,4,4-back,2.5353692564762564e-10,1.8350014447096466e-10,2.8427773185898084e-10,2.6665602281233523e-10,2.451025566454954e-10,1.90797532520294e-10,1.5477490893382476e-10,2.3349990564423205e-10,2.3757481714784444e-10,2.0831260371700841e-10,3.2475177769918545e-10,2.479553228846293e-10,4.431132617333217e-10,4.1233933018166205e-10,2.9852778621807687e-10,2.466146762870804e-10,2.049919535926407e-10,3.4533749574337504e-10
16,5,1-back,1.4881998410996493e-10,2.1998947904580825e-10,6.666996980794436e-11,1.9963295097608573e-10,2.2545077745048014e-10,1.1316012071287955e-10,1.7534832352931527e-10,5.891767343371703e-11,1.6033172257915092e-10,1.6653680891647656e-10,2.0354110748644558e-10,2.5367868835811623e-10,9.200982891498225e-11,2.2480282236788388e-10,2.618487619260443e-10,1.7211263227805667e-10,1.3485892983430787e-10,2.0717624181069446e-10
17,5,2-back,1.3244529192260654e-10,1.495873226179327e-10,6.531543537048998e-11,1.5474805935346485e-10,2.461707429110213e-10,1.209999600031221e-10,1.27282039229333e-10,6.436990219775509e-11,1.5502643877013196e-10,1.864328176585008e-10,1.6330685039341928e-10,1.883262992162282e-10,8.135367727767448e-11,1.9432465200374954e-10,2.60119791587286e-10,1.4965337043510307e-10,1.3082223157176859e-10,1.774862540956715e-10
18,5,3-back,1.2484840596112327e-10,1.5820973733717855e-10,6.088003671838088e-11,1.5793128625642942e-10,2.762011455602597e-10,1.0419989691953652e-10,1.4030567365755734e-10,5.959525063641046e-11,1.367562512623717e-10,1.5288542888807307e-10,1.461199856848029e-10,1.9278787241680465e-10,8.39839796897656e-11,1.9263166106707515e-10,3.327732564839048e-10,1.5561412236667436e-10,1.187485002727898e-10,1.8965935106847064e-10
19,5,4-back,1.8015629315964831e-10,1.8470028042262027e-10,1.0031378520427561e-10,1.949809971339299e-10,2.2032544674564668e-10,1.5375410642406388e-10,1.6438433943575147e-10,8.21426521930388e-11,1.5937053509149666e-10,2.0493086045486059e-10,1.9173273853190622e-10,2.48825118385469e-10,1.2757300466360483e-10,2.8472607707111503e-10,2.8278068247362123e-10,1.7609536053322417e-10,1.5291649871984228e-10,2.2712752422514325e-10
20,6,1-back,1.5997412405241905e-10,1.4228332451540534e-10,1.3145305551281624e-10,9.683861303750864e-11,1.6380840175411027e-10,1.1984682104997711e-10,1.068016811506437e-10,7.772696649173679e-11,6.34269370234529e-11,1.2565861105613213e-10,1.7709426175736577e-10,1.6179286484394512e-10,1.4454331784988186e-10,9.188765426818459e-11,1.881655330287711e-10,1.388715037744519e-10,9.869220335438852e-11,1.5269672634962969e-10
21,6,2-back,1.750821162790889e-10,1.0572008354403594e-10,1.1506479728409199e-10,8.549886660474588e-11,1.2866468803282637e-10,1.2530490347814246e-10,6.952166622484415e-11,5.829974373022823e-11,3.7329200860471297e-11,8.739436171338013e-11,2.2129983953902813e-10,1.0879283250557499e-10,9.494994252459939e-11,6.963725183119002e-11,1.3132890183420364e-10,1.220061103489578e-10,7.556997520141325e-11,1.252017536469192e-10
22,6,3-back,1.797146440057505e-10,1.1216034559682441e-10,1.5370595373045506e-10,9.705295701580662e-11,1.4417069328851823e-10,1.3633517230127114e-10,9.4770778136064e-11,1.1305775587906859e-10,5.920294904357221e-11,1.1746945193989243e-10,2.3367871483761057e-10,1.4439379920550915e-10,2.1924872561306982e-10,1.2282652506424976e-10,1.8050531273827574e-10,1.3736091872747097e-10,1.0416722145997366e-10,1.8013061549174303e-10
23,6,4-back,1.7369689183206984e-10,1.542284546414985e-10,2.2155097814115272e-10,1.6331460002212403e-10,1.9163296589101953e-10,1.2900894432054263e-10,1.0931936239358313e-10,1.442032974741539e-10,9.537040728361684e-11,1.3978813007954407e-10,2.260102843586896e-10,1.7121604573726142e-10,2.637989875776287e-10,2.1900063980356963e-10,2.557838724891577e-10,1.8088477810557294e-10,1.235380283102881e-10,2.2716196599326143e-10
24,7,1-back,1.9133425577038462e-10,1.881158264571376e-10,2.2388712105880225e-10,1.9445232901208054e-10,2.112389297350131e-10,1.4960212074361253e-10,1.6131994566496928e-10,1.0326669165568984e-10,1.297206971159294e-10,1.6948652530442736e-10,2.526120116308305e-10,2.3548202461438357e-10,2.7434580036906286e-10,2.6833158518097675e-10,2.8527446220031367e-10,2.0180569240668363e-10,1.426791960969257e-10,2.632091767991135e-10
25,7,2-back,1.6831776487614918e-10,1.2775028360263712e-10,2.329795692717281e-10,1.4683633361651188e-10,1.485766797718714e-10,1.3757924582936285e-10,1.2176397495095628e-10,1.2682930185619443e-10,8.904169316882619e-11,1.4255728831630452e-10,1.95698532536896e-10,1.4726278098102844e-10,2.456682882847588e-10,1.1537126595562068e-10,1.706653034062703e-10,1.6489212622777957e-10,1.2355430082432883e-10,1.7493323423291486e-10
26,7,3-back,3.762536482110451e-10,3.377223864263154e-10,5.96701167992241e-10,4.5920139594415557e-10,3.595204937865503e-10,1.7143947873161062e-10,1.5758712611695287e-10,2.268627706322705e-10,2.2102342812284342e-10,1.5319150669912472e-10,3.094777864251565e-10,2.7990800867295135e-10,5.304662259094892e-10,3.732737079305861e-10,3.1502505663618015e-10,4.2587981847206145e-10,1.8602086206056044e-10,3.6163015711487267e-10
27,7,4-back,3.778945752366986e-10,2.899692854814742e-10,5.191298828983639e-10,3.823113743157835e-10,3.466324252891377e-10,2.344366108583868e-10,1.748056879560326e-10,1.8535008275408428e-10,1.8523856003317252e-10,2.1566971335034128e-10,5.043772297770037e-10,3.1286965732449347e-10,8.128821585646045e-10,5.268775906138665e-10,3.8975033458023915e-10,3.831875086442916e-10,1.9910013099040348e-10,5.093513941720414e-10
28,8,1-back,2.2021243932683728e-10,2.1628985553042208e-10,2.239699065605385e-10,2.0032786318722055e-10,2.6279309876760205e-10,1.9360846292706683e-10,1.3487632116261078e-10,1.2770047198236523e-10,8.380025527555012e-11,1.9460385232984867e-10,2.392078173731549e-10,1.9023147752170924e-10,1.9658669689084428e-10,1.8215183185066974e-10,3.0597977663723093e-10,2.2471863267452408e-10,1.4691787273548832e-10,2.2283152005472182e-10
29,8,2-back,2.0820957840737916e-10,2.151539825563761e-10,1.388367818602459e-10,1.3566754384587085e-10,3.1438190418627287e-10,1.7758507715057107e-10,1.7625256918684523e-10,1.3170018948097303e-10,1.1798649876927746e-10,2.357808679057085e-10,2.7656996579549846e-10,3.0492704716678656e-10,1.7899918122701847e-10,1.783854871794337e-10,4.0709605455734864e-10,2.02449958171229e-10,1.6786104049867504e-10,2.6919554718521717e-10
30,8,3-back,1.797714643930854e-10,1.6950362727793312e-10,1.3643692749424723e-10,1.0096836760022749e-10,2.5230194099145807e-10,1.747473531226556e-10,1.526455698096677e-10,1.21413651683366e-10,7.698986629086746e-11,2.3866965897053635e-10,2.3859484572623777e-10,2.0829105445903397e-10,1.7465659909489747e-10,1.3706251708687238e-10,2.8418844722986327e-10,1.6779646555139025e-10,1.5289321997541862e-10,2.0855869271938098e-10
31,8,4-back,2.1916319773883827e-10,1.7926420245625465e-10,2.1601995578754822e-10,1.3878996485899082e-10,2.6475575862366566e-10,1.550073189271693e-10,1.3289234510936925e-10,1.1901445332567775e-10,1.0424487032005333e-10,1.7628642951955932e-10,2.1502180128675568e-10,1.9051349093647336e-10,2.797387864632744e-10,2.1489814960607434e-10,2.4611829725281795e-10,2.0359861589305953e-10,1.3748908344036578e-10,2.2925810510907915e-10
32,9,1-back,3.6223509400795087e-10,4.3674033533749447e-10,2.4483583421230435e-10,2.9877562256268376e-10,3.8397287932607386e-10,2.8232557149935824e-10,3.736985992055308e-10,1.491739521097567e-10,2.0369397083893899e-10,3.293647606914142e-10,4.4017258702282446e-10,5.069062777111119e-10,2.5599542942246095e-10,2.916376598760487e-10,4.457133249263207e-10,3.4531195308930144e-10,2.676513708689998e-10,3.8808505579175324e-10
33,9,2-back,3.3436211960763567e-10,3.684917835138117e-10,3.2715386474174936e-10,2.996393656858023e-10,4.0193539880468254e-10,3.1484475869084144e-10,3.2042478801780523e-10,2.240308737078686e-10,2.083759701811638e-10,3.5048825321700565e-10,5.022377146037476e-10,5.072423904121658e-10,3.7755822771719793e-10,3.3928398384159974e-10,5.122609625995817e-10,3.463165064707363e-10,2.836329287629369e-10,4.477166558348585e-10
34,9,3-back,4.0616871806978065e-10,4.021835493228977e-10,4.3104173098430936e-10,4.525585229330086e-10,4.718643106245954e-10,2.884247250453122e-10,2.920049256974679e-10,2.5014424917260477e-10,2.8907038289335547e-10,3.3096617574996203e-10,4.4348154182159237e-10,5.051211071249374e-10,5.401811550417843e-10,5.609505674042831e-10,6.37814899939366e-10,4.3276336638691834e-10,2.9012209171174045e-10,5.375098542663927e-10
35,9,4-back,3.186299684863449e-10,3.2893274288942447e-10,1.9496767206517705e-10,2.0867023601231912e-10,3.861826887737214e-10,2.7702629693673314e-10,2.792407010873922e-10,1.60272059610093e-10,1.7943316840510694e-10,3.531022534330564e-10,3.805995401665549e-10,4.179852920269645e-10,2.661092482804593e-10,2.8870615584305753e-10,4.574664331509598e-10,2.874766616453974e-10,2.4981489589447633e-10,3.6217333389359916e-10
36,10,1-back,2.9832034498713966e-10,1.8634490379286308e-10,4.0996575099163365e-10,2.2104285340400285e-10,3.044484594397175e-10,1.1933268212263648e-10,1.1007673353899888e-10,9.611634585895168e-11,1.0524099023651272e-10,1.3626816902469502e-10,2.6059471215113914e-10,1.6692565452654947e-10,1.9783351820338412e-10,1.567064632731276e-10,2.9112700245314884e-10,2.840244625230714e-10,1.1340698415635894e-10,2.1463747012146984e-10
37,10,2-back,3.8453119702160343e-10,2.1972712009807642e-10,6.482875958447453e-10,2.983404462121756e-10,3.944094573151341e-10,2.6138704473464463e-10,1.9416877266826588e-10,2.8169674952596907e-10,2.0049070043063564e-10,2.9658976940041107e-10,5.596352730063062e-10,2.7824951364544507e-10,1.4072296330370982e-09,4.887330753122702e-10,5.31429740270888e-10,3.890591632983469e-10,2.4686660735198526e-10,6.530554470544015e-10
38,10,3-back,6.33383807238496e-10,3.4639081359932725e-10,1.0780799698286852e-09,4.6246136065112373e-10,5.971735720820003e-10,3.943294422304885e-10,2.4817237123499554e-10,3.890793991723399e-10,2.940571367551779e-10,3.6097599251305013e-10,1.0375216080933854e-09,5.519108014695549e-10,2.0037085450209772e-09,8.346049234285993e-10,9.842962302331268e-10,6.234979046799265e-10,3.3732286838121043e-10,1.0824084216491287e-09
39,10,4-back,6.603262623842272e-10,3.561342845550882e-10,1.107189315988437e-09,4.902785499496651e-10,6.34424241952249e-10,4.4078162292056415e-10,2.1737110186738583e-10,5.762940777944471e-10,3.0074430428037245e-10,4.083209768891807e-10,1.0479090551940218e-09,5.157483965311992e-10,1.917815869633028e-09,8.72738024192722e-10,1.0110287206407987e-09,6.496705309659333e-10,3.887024167503901e-10,1.073048013238354e-09
40,11,1-back,1.266666740732091e-10,1.4051663186582592e-10,6.5415464140293e-11,1.1616667602318658e-10,1.6415758391222578e-10,1.4259247016865594e-10,1.4143932533496156e-10,6.225791842064197e-11,1.2802525635032875e-10,1.8109642620399072e-10,1.5272672629394213e-10,1.6943052334969647e-10,1.0045424669985604e-10,1.4680633955736554e-10,1.9624180641455134e-10,1.2258460600294809e-10,1.3108227929571578e-10,1.531319284630823e-10
41,11,2-back,9.071743602908171e-11,1.1936994304006095e-10,4.699738343087102e-11,9.203971266345754e-11,1.4727117678525492e-10,9.215445667530195e-11,1.0815316262753625e-10,4.017132264699439e-11,8.525873445041923e-11,1.3331480615941965e-10,1.222256967821535e-10,1.4750406489715267e-10,6.328785894684719e-11,1.1232313781024608e-10,1.9722619649211767e-10,9.927913038974524e-11,9.18104965119343e-11,1.2851339098570343e-10
42,11,3-back,7.193031036557981e-11,1.0908538994385573e-10,4.715504714860762e-11,9.401761844462607e-11,1.098419739118893e-10,6.288676931860838e-11,9.824346954848567e-11,3.3620879222247526e-11,8.480192171965543e-11,1.0811724140459078e-10,1.0490373448292054e-10,1.5628491991230802e-10,6.116454178081559e-11,1.3187352927581786e-10,1.3069878002101116e-10,8.640606796291171e-11,7.753405624271756e-11,1.1698510109457462e-10
43,11,4-back,7.975023673864538e-11,9.395392223685836e-11,4.00023104743703e-11,6.462880693186617e-11,1.212298175753221e-10,6.829886733975115e-11,7.865235084046022e-11,3.248829384627893e-11,5.367180778804877e-11,1.203808939883688e-10,9.797243482831403e-11,1.1244377026428868e-10,4.846377171554262e-11,8.850077718399924e-11,1.6284812757882033e-10,7.991301879141247e-11,7.069844276058158e-11,1.0204577631419297e-10
44,12,1-back,2.086755169572237e-10,1.3953559174507377e-10,1.201595263864961e-10,9.858555676609394e-11,1.4488581704761328e-10,1.9189745548584227e-10,1.3890265388267175e-10,9.828649241126432e-11,8.2834340137904e-11,1.4202368430719487e-10,2.71004329972537e-10,1.6974840111983584e-10,1.4342322656956702e-10,1.2478586754806624e-10,1.6434385364926362e-10,1.4236840178050017e-10,1.3078892524497542e-10,1.7466113577185395e-10
45,12,2-back,1.7759934906313864e-10,1.7769714785545445e-10,1.4296287121760064e-10,1.3811098067894713e-10,1.6595633590761141e-10,1.5645958442590125e-10,1.5652143656835016e-10,9.598250477165664e-11,9.88055464524237e-11,1.3903142898920648e-10,2.371042756416162e-10,2.0421500601869838e-10,1.7837930897049852e-10,1.400519697665059e-10,2.1339653801545433e-10,1.6046533694455047e-10,1.2936010024150767e-10,1.9462941968255463e-10
46,12,3-back,1.8209530265032365e-10,1.178494407341626e-10,1.2375533808293337e-10,1.0478669263909423e-10,1.268872926945566e-10,1.6725910122452157e-10,1.3178605802213034e-10,9.984958079813356e-11,1.0937752794953216e-10,1.5104615800695768e-10,2.346153491910456e-10,1.3930097069353767e-10,1.7980038563327254e-10,1.4298117410465096e-10,1.8391998615681147e-10,1.3107481336021407e-10,1.3186368520025507e-10,1.7612357315586365e-10
47,12,4-back,3.1882197016064166e-10,1.9945243645795263e-10,2.7511346064856363e-10,2.3190094507534643e-10,2.253965466703446e-10,2.7447240551491527e-10,1.7293604964435616e-10,2.2871136495172668e-10,2.0839101251149696e-10,1.8058171727610308e-10,3.8829867752383086e-10,2.398686404260259e-10,3.5420294179030416e-10,3.0474650213779885e-10,3.1644504842277404e-10,2.5013707180256976e-10,2.130185099797196e-10,3.2071236206014676e-10
48,13,1-back,1.687752130515087e-10,1.3916457893103684e-10,1.1648205306089563e-10,7.43004105379883e-11,2.403976719234744e-10,1.2744575351386792e-10,1.1996980484005683e-10,9.423496321899388e-11,5.4684918156097526e-11,1.91294839868203e-10,2.1988697877588306e-10,1.787581788224299e-10,1.3513225776686155e-10,9.259506521910914e-11,2.896785477969181e-10,1.4782398550098078e-10,1.1752605591944386e-10,1.8321020567624035e-10
49,13,2-back,1.266349833518761e-10,1.1949583490537972e-10,9.849536816902873e-11,7.771584303861546e-11,1.9080010734273018e-10,1.1433054016936101e-10,1.0431836176973893e-10,8.203210975504594e-11,6.113255209342971e-11,1.6530144572116453e-10,1.5778750463228e-10,1.6230463771585987e-10,1.1364423984556449e-10,9.998741132396394e-11,2.2420630123308249e-10,1.2262842736152606e-10,1.0542300190174803e-10,1.5158601895015017e-10
50,13,3-back,1.3796769789077038e-10,1.8369481021172844e-10,1.0102286629979496e-10,7.545444375355787e-11,1.928239701881807e-10,1.1133892937454795e-10,1.0627399055578095e-10,8.448571197480513e-11,6.19961298428325e-11,1.5395260910606727e-10,1.821898094094097e-10,1.6660397141705968e-10,1.3435952032932384e-10,9.469936629589879e-11,2.2706074664220632e-10,1.3819275766880647e-10,1.0360947417080675e-10,1.6098268281877967e-10
51,13,4-back,1.6700961823557613e-10,2.0383905278264688e-10,1.1978184481693733e-10,9.50324652328079e-11,2.454124699607717e-10,1.1921980395588263e-10,9.497083157736147e-11,9.068186120821639e-11,6.342922084519999e-11,1.6012713891637626e-10,1.4110696297781815e-10,1.6298021161527931e-10,1.3671847337561135e-10,1.0600630504611237e-10,2.4207037848151514e-10,1.6621509020574799e-10,1.0568577130060735e-10,1.5777646629926726e-10
52,14,1-back,2.2263677565373043e-10,1.6889259664284424e-10,2.9677270719244403e-10,1.8695335537554125e-10,2.2264058429920614e-10,1.6406393997431798e-10,1.4845431306817035e-10,1.453753333711729e-10,9.529999719934182e-11,1.7751562360892646e-10,2.960389407122635e-10,2.1381671458840588e-10,3.6187747061448156e-10,2.6693560513971445e-10,2.9955491771862223e-10,2.1957920383275322e-10,1.461418414443859e-10,2.876447297546975e-10
53,14,2-back,2.4150284080044896e-10,1.8455124230393984e-10,3.3199739887792706e-10,1.976997551173812e-10,2.388710948882411e-10,1.9696798779823777e-10,1.7147794178222813e-10,2.1349983641682347e-10,1.3436059134014957e-10,1.907767062140076e-10,2.846740150704609e-10,2.3390469030901673e-10,5.809610181404852e-10,2.7008952253753284e-10,3.112041289657676e-10,2.3892446639758764e-10,1.814166127102893e-10,3.3616667500465265e-10
54,14,3-back,2.2732491765085526e-10,1.9326081384446448e-10,3.339343002466648e-10,2.1614694660429112e-10,2.256844412822924e-10,2.1040669714757006e-10,1.6420776658464137e-10,2.5652951072290067e-10,1.65412186915514e-10,2.0513228668060822e-10,3.1972561455469776e-10,2.483352316946869e-10,5.042411782383905e-10,3.68483141128282e-10,2.9647356179215426e-10,2.392702839257136e-10,2.003376896102469e-10,3.4745174548164224e-10
55,14,4-back,1.9560141255303739e-10,1.4962630743632136e-10,2.7865047979484627e-10,1.6918596219686156e-10,1.9343560631407008e-10,1.6265554868293373e-10,1.2295563826842668e-10,1.67373529282447e-10,1.0370136903382044e-10,1.540867777030412e-10,2.6106443619939843e-10,1.714985199639734e-10,3.466090717743374e-10,2.343311123817514e-10,2.7384495494393417e-10,1.9729995365902736e-10,1.4215457259413382e-10,2.5746961905267896e-10
56,15,1-back,2.4866212818379274e-10,2.238298947412336e-10,2.277147917927283e-10,1.8004511471833088e-10,2.9375980674287895e-10,1.9857899041651416e-10,2.0713182414701854e-10,1.7366623677243628e-10,1.3979695058834954e-10,2.6149302753590464e-10,2.892748880312398e-10,2.7816491259439197e-10,2.725176200780194e-10,2.2607894431899504e-10,3.941788979031092e-10,2.348023472357929e-10,1.9613340589204465e-10,2.920430525851511e-10
57,15,2-back,3.072168071656673e-10,2.447799248434796e-10,2.7624124218016986e-10,1.9698438598307427e-10,3.321710822480939e-10,2.778699118329719e-10,2.2156736726913953e-10,2.6379407927367054e-10,1.5199259082363347e-10,3.08268497366123e-10,3.61703084209367e-10,3.062112158581738e-10,3.755412280834162e-10,2.571269328848326e-10,4.4981912112654773e-10,2.71478688484097e-10,2.446984893131077e-10,3.500803164324675e-10
58,15,3-back,3.461891647042205e-10,2.81067577870593e-10,3.0780233012476065e-10,2.0243795722340916e-10,4.1902444059248165e-10,2.831849410016647e-10,2.5701766666729047e-10,2.728989277789135e-10,1.9588779497577072e-10,3.4095907321087037e-10,4.119285335291024e-10,3.539643392281707e-10,3.674018106193669e-10,2.4889415842790657e-10,5.831838685197195e-10,3.1130429410309303e-10,2.699896807269019e-10,3.9307454206485315e-10
59,15,4-back,3.7499500844259003e-10,3.0762273973870447e-10,3.718747346751964e-10,2.4588278980800875e-10,3.937706712630712e-10,3.1328711985343477e-10,2.7610620886787606e-10,3.2652109004534084e-10,2.193889294400081e-10,3.510392992957056e-10,4.5168563851622904e-10,3.876228273959716e-10,4.611891855581914e-10,3.0567439896495557e-10,5.221552803515559e-10,3.3882918878551416e-10,2.9726852950047304e-10,4.2566546615738067e-10
60,16,1-back,3.558771859848053e-10,1.505037117615079e-10,1.2598593446991072e-10,9.085526958362367e-11,2.3016930883194815e-10,1.894799036416656e-10,1.3360866608662883e-10,9.479980993322884e-11,8.884128655686032e-11,1.9731067847461548e-10,3.3021737283908817e-10,1.5708227440630618e-10,1.6223086429685984e-10,1.1285945539403679e-10,2.564866906964654e-10,1.9067828212635911e-10,1.4080806893859982e-10,2.037753315265513e-10
61,16,2-back,2.8385137278480616e-10,1.5338019364050153e-10,1.3374560132523924e-10,8.969789624581758e-11,2.5125009406663e-10,2.148016218090808e-10,1.398351526019051e-10,1.19431666206662e-10,7.767154868089652e-11,2.073669859232759e-10,3.396482587117308e-10,1.7668649159228736e-10,1.7569462712671143e-10,1.2295839681416527e-10,2.982202153146233e-10,1.823850316125989e-10,1.5182139504436406e-10,2.2264159791190363e-10
62,16,3-back,7.074379263600831e-10,7.190020080889148e-10,6.18609592933992e-10,2.039735221399644e-10,4.640099131934846e-10,3.5724176545314505e-10,2.415691688002234e-10,2.8055251324788284e-10,1.3984534815519856e-10,2.9975405150492233e-10,7.137412688628343e-10,7.465840611464471e-10,7.660115526721098e-10,2.5545514009483375e-10,5.092838740908903e-10,5.426065925432877e-10,2.6379256943227446e-10,5.982151793734231e-10
63,16,4-back,1.9208280659487904e-10,1.4471652058676057e-10,1.4366146633341094e-10,1.0368678043042602e-10,2.093666195325015e-10,1.5220273680058288e-10,1.4358843981616035e-10,1.0660522507790896e-10,9.266919294198368e-11,1.7766268093978526e-10,2.600285360877102e-10,1.8259122303566123e-10,1.6787285111253935e-10,1.2300393675218344e-10,2.656727706457535e-10,1.5870283869559562e-10,1.3454565511528424e-10,1.9983386352676954e-10
64,17,1-back,1.4213682032280484e-10,1.5436428645316565e-10,1.4833672483466154e-09,1.355065222868715e-10,1.7314047933437045e-10,1.2281328886013973e-10,1.2912027335436408e-10,2.6776489048423456e-10,1.1771770455889712e-10,1.3956575976327337e-10,1.8499772486308158e-10,1.9131720619692156e-10,1.3254499161052987e-09,1.7568082788636477e-10,2.0837662072972824e-10,4.1770307134876554e-10,1.5539638340418176e-10,4.1716445915627903e-10
65,17,2-back,1.700659235510672e-10,1.609516797576851e-10,2.2017255830507317e-10,1.285061803674584e-10,1.9642035893011325e-10,1.5727381794611514e-10,1.5822420920854303e-10,1.656977366636848e-10,1.2812078160970144e-10,1.8728887897966566e-10,2.1761752035597737e-10,2.0351348828630934e-10,2.785126851368173e-10,1.6532564337414228e-10,2.544157765966012e-10,1.7522334018227944e-10,1.59321084881542e-10,2.2387702274996954e-10
66,17,3-back,1.6578835980413902e-10,1.5552812887171998e-10,2.998044625938375e-10,1.4315872727204357e-10,1.889037793827815e-10,1.4366543665586691e-10,1.4053238384737526e-10,1.4527411594348586e-10,1.3045839727206255e-10,1.5410477414806576e-10,2.0750552786261628e-10,2.0444926963595084e-10,2.4884908426049726e-10,1.7752345320370943e-10,2.5387329769240395e-10,1.9063669158490433e-10,1.4280702157337128e-10,2.1844012653103559e-10
67,17,4-back,1.7205853515717906e-10,1.536504060368431e-10,1.3886057096787987e-09,1.3202773560582064e-10,1.8655762796351692e-10,1.447484941055218e-10,1.337846614790696e-10,2.78002698901543e-10,1.09294059938969e-10,1.5829877603759285e-10,2.1111437362953748e-10,1.8894220544479044e-10,5.157720350064868e-10,1.5342896374386123e-10,2.2064049440610987e-10,4.0658000288843173e-10,1.6482573809253922e-10,2.579796144461572e-10
68,18,1-back,1.8894271184988004e-10,1.7473491570466144e-10,8.730829354531618e-11,8.74473942998595e-11,2.5577230788330405e-10,1.4430300342299074e-10,1.451557745833661e-10,6.873930284826644e-11,7.147535111937765e-11,2.2679727609411758e-10,2.4614092287083175e-10,1.9505984514082582e-10,9.91419655702482e-11,1.2531871805597237e-10,3.2712246902990734e-10,1.5884112465660423e-10,1.3129414161362367e-10,1.985567841335571e-10
69,18,2-back,1.7904781658152935e-10,1.6498595925811374e-10,9.98504171051495e-11,7.402075627994254e-11,2.351181510592382e-10,1.4041437731619834e-10,1.3736475613511004e-10,8.768602581006001e-11,6.557559844918642e-11,2.2350625117525644e-10,2.3752402039423836e-10,2.0120641376872646e-10,1.3415488042204463e-10,1.0747447762426888e-10,2.7674506961816987e-10,1.5060462005679467e-10,1.3090940177716224e-10,1.9142097236548964e-10
70,18,3-back,1.560332934623688e-10,1.436536393482736e-10,8.959325159757074e-11,7.460535735562311e-11,1.978386435450364e-10,1.3167951594589263e-10,1.3161770580215987e-10,8.175847293602937e-11,6.278199382681028e-11,1.5754552294196785e-10,2.0577633699805676e-10,1.7619483892664634e-10,1.092624544537163e-10,9.141587825970803e-11,2.2663238720422274e-10,1.3234483706177452e-10,1.1307664229057198e-10,1.6185637916847005e-10
71,18,4-back,1.7409520693209548e-10,1.6159849979313565e-10,9.831785407164076e-11,9.64266914431628e-11,2.247138195664252e-10,1.5923312001468214e-10,1.4804717868531568e-10,9.630913653097515e-11,7.841713962560689e-11,2.1671552765832566e-10,2.070510218643127e-10,2.417551479608726e-10,1.1158206799357836e-10,1.1174603879175102e-10,3.035224890378676e-10,1.5103041436129198e-10,1.3974442050298112e-10,1.9513135312967646e-10
