Sample,Condition,F3,F4,F7,F8,Fz,Frontal_Mean_Relative
1,1-back,1.0,1.0,1.0,1.0,1.0,1.0
1,2-back,1.2998399606179702,1.0952663943546068,1.2314320650094652,1.1430216020986081,1.2120877880982484,1.1963295620357797
1,3-back,1.1132573030075676,0.9792803432256628,0.9930551798470681,1.1551742985169835,1.0071161997580167,1.0495766648710596
1,4-back,1.7675174607841089,1.5930536187219242,1.7118613079340526,1.9044499133323793,1.5655833268641066,1.7084931255273141
2,1-back,1.0,1.0,1.0,1.0,1.0,1.0
2,2-back,1.2616670249318944,1.220020082705841,1.184892843106974,1.163902310902587,1.2909293979751106,1.2242823319244813
2,3-back,1.468568680325022,1.2317410269967348,1.2422202036651133,1.261939749341145,1.3279485026201485,1.3064836325896327
2,4-back,4.097508432746603,3.4013427656723394,4.019494902996165,4.102442730151429,3.716243986556333,3.8674065636245745
3,1-back,1.0,1.0,1.0,1.0,1.0,1.0
3,2-back,1.5369006521740571,1.6340022076548597,1.4290205854688895,1.5248798975672928,1.446652596808876,1.514291187934795
3,3-back,2.0184467553389296,9.013287498096515,3.775415867797192,3.985666141324885,1.9492472467196955,4.1484127018554435
3,4-back,4.288145686417317,4.226156773216364,3.768883215357702,4.522521314753669,3.9447972372250293,4.150100845394016
4,1-back,1.0,1.0,1.0,1.0,1.0,1.0
4,2-back,1.3566668433607367,1.3912970108956262,1.4003423979675524,1.6874125219544671,1.4379317235552633,1.4547300995467292
4,3-back,1.3976786860568142,1.4222877298971868,1.4150748089840106,1.6160117120343516,1.3456116099204898,1.4393329093785707
4,4-back,1.1253401564448826,1.0385748157902728,1.0251548390761789,1.0828645599448832,1.154337550103297,1.085254384271903
5,1-back,1.0,1.0,1.0,1.0,1.0,1.0
5,2-back,0.8899698028776907,0.679974893648365,0.9796829900874955,0.7751629107160887,1.0919046086017257,0.883339041186273
5,3-back,0.8389223175085897,0.7191695622145396,0.9131553065609225,0.7911083089451911,1.225106201378821,0.8974923393216127
5,4-back,1.2105651955084782,0.8395868803533112,1.5046322278718396,0.9766974649254516,0.9772662983787704,1.1017496134075704
6,1-back,1.0,1.0,1.0,1.0,1.0,1.0
6,2-back,1.0944402247310907,0.7430251148832933,0.8753299558934448,0.8829005695448104,0.7854584176088998,0.8762308565323078
6,3-back,1.1233982062427985,0.7882887610254043,1.169283993672321,1.0022134143765045,0.8801178190171842,0.9926604388668425
6,4-back,1.0857811715546837,1.083953127794676,1.6853999876750847,1.6864615766323208,1.1698604213151178,1.3422912569943766
7,1-back,1.0,1.0,1.0,1.0,1.0,1.0
7,2-back,0.8797053313764319,0.6791043901441497,1.0406117518949998,0.7551276673440591,0.7033584195784942,0.8115815120676269
7,3-back,1.9664730013771166,1.7952895978333108,2.6651875515229926,2.361511421730656,1.7019613488742238,2.09808458426766
7,4-back,1.975049233683488,1.5414401379330198,2.3187125746371913,1.9660930586850007,1.640949543362901,1.88844890966032
8,1-back,1.0,1.0,1.0,1.0,1.0,1.0
8,2-back,0.9454941739161085,0.9947483761027053,0.6198903414853132,0.6772275293481264,1.1963095897898475,0.8867340021284201
8,3-back,0.8163547206625792,0.7836873664844245,0.6091752663984288,0.5040155972006022,0.9600782599492017,0.7346622421390473
8,4-back,0.9952353209872865,0.8288146571490053,0.9645043796504803,0.6928140831277264,1.0074684604172168,0.8977673802663431
9,1-back,1.0,1.0,1.0,1.0,1.0,1.0
9,2-back,0.9230528050390849,0.843731970002397,1.3362172485669097,1.0028909424259915,1.046780698444472,1.030534732895771
9,3-back,1.1212848362529597,0.9208756709226484,1.7605336750278981,1.5147103336319243,1.2289001021446706,1.3092609235960204
9,4-back,0.8796220293314573,0.7531540283203729,0.796320002308628,0.6984178770091581,1.005755118568598,0.8266538111076429
10,1-back,1.0,1.0,1.0,1.0,1.0,1.0
10,2-back,1.2889875044834112,1.1791420941799422,1.5813213525194576,1.3496950551343767,1.2954884319039537,1.3389268876442284
10,3-back,2.1231666491462415,1.8588692609719433,2.6296830094245753,2.0921796544395725,1.9614931643306408,2.1330783476625945
10,4-back,2.2134804865980335,1.9111565559687067,2.7006873459803518,2.21802488702757,2.083847765627694,2.225439408240471
11,1-back,1.0,1.0,1.0,1.0,1.0,1.0
11,2-back,0.7161902425625392,0.8495075739791632,0.7184445459269124,0.792307362268734,0.8971329455238575,0.7947165340522412
11,3-back,0.567870838102266,0.7763165718917693,0.7208547362360184,0.8093338095157374,0.6691251862638357,0.7087002284019255
11,4-back,0.6296070953323715,0.6686320401315301,0.6115115286590266,0.5563454954927558,0.7384965999508318,0.640918551913303
12,1-back,1.0,1.0,1.0,1.0,1.0,1.0
12,2-back,0.8510789940898751,1.2734897643900087,1.1897755884769137,1.4009250970365974,1.145428443510615,1.1721395775008019
12,3-back,0.872624183735226,0.8445833730326601,1.0299253151587102,1.0629010584959542,0.875774422094456,0.9371616705034013
12,4-back,1.5278360145430803,1.4294018749162196,2.2895684505584213,2.3522811320684553,1.555683994909408,1.8309542933991172
13,1-back,1.0,1.0,1.0,1.0,1.0,1.0
13,2-back,0.7503174255406109,0.8586655873445787,0.8455840670797274,1.0459678819524276,0.7936853373666091,0.8588440598567908
13,3-back,0.8174642199898385,1.3199825100808058,0.867282672696207,1.0155319897590545,0.8021041495342027,0.9644731084120218
13,4-back,0.9895387789236935,1.4647337300079752,1.0283287568284585,1.2790301499642418,1.0208604267968688,1.1564983685042476
14,1-back,1.0,1.0,1.0,1.0,1.0,1.0
14,2-back,1.0847392129683964,1.0927136296815236,1.1186924903530342,1.057481716336426,1.0729000538698859,1.0853054206418533
14,3-back,1.0210573566894283,1.1442823290422346,1.1252190385220402,1.1561544117253602,1.013671617834939,1.0920769507628005
14,4-back,0.878567397406341,0.8859257919560255,0.9389356670664251,0.9049634966808188,0.8688245538114131,0.8954433813842047
15,1-back,1.0,1.0,1.0,1.0,1.0,1.0
15,2-back,1.2354788781450274,1.0935979982766197,1.213101880670148,1.0940834817498037,1.130757423662235,1.1534039325007668
15,3-back,1.392207037045637,1.255719564160681,1.3517010805557597,1.124373507940554,1.4264185602465482,1.310083949989836
15,4-back,1.5080503459916554,1.3743594889071566,1.633072369816389,1.3656732102544227,1.3404511516707573,1.4443213133280763
16,1-back,1.0,1.0,1.0,1.0,1.0,1.0
16,2-back,0.7976104790176846,1.019112365039553,1.0615915331181813,0.9872613515637545,1.0915881676043675,0.9914327792687082
16,3-back,1.9878709684702525,4.777304158639383,4.910148069598474,2.2450378836004234,2.015950412973038,3.1872622986563144
16,4-back,0.5397446483211213,0.9615478508336202,1.1402976605116317,1.141230232496225,0.9096200557536749,0.9384880895832547
17,1-back,1.0,1.0,1.0,1.0,1.0,1.0
17,2-back,1.196494498503857,1.0426743352097707,0.14842754452781737,0.9483394466829193,1.1344565966620925,0.8940784843172913
17,3-back,1.166399807084607,1.0075395834444352,0.20211074696977724,1.0564711192939635,1.0910434123147414,0.9047129338215049
17,4-back,1.2105134669990467,0.9953753524683371,0.9361172772464543,0.9743275332999384,1.0774928467376779,1.0387652953502908
18,1-back,1.0,1.0,1.0,1.0,1.0,1.0
18,2-back,0.9476301828661565,0.9442071642794879,1.1436532894016935,0.8464603991071861,0.91924787716468,0.9602397825638407
18,3-back,0.8258232981557995,0.8221232646546629,1.0261711454830873,0.853145573438121,0.7734951652205451,0.8601516893904432
18,4-back,0.9214179537680115,0.9248208873507051,1.1260998248764331,1.1026822721842693,0.878569777260448,0.9907181430879733
